Date,24h Average,12h Average,Last,Volume (BTC)
2017-03-28,116267.94,116944.73,117336.1,11.61482887
2017-03-27,112987.64,113372.74,111851.56,16.36124865
2017-03-26,113227.42,116138.79,120197.51,6.36880753
2017-03-25,104888.21,106454.95,104782.4,10.05706817
2017-03-24,110758.52,112069.47,116210.15,20.82022954
2017-03-23,114015.26,115759.34,113028.85,7.58851057
2017-03-22,118500.66,117677.56,123017.78,13.62465684
2017-03-21,122525.73,123006.71,119436.37,13.49322683
2017-03-19,116904.13,117261.45,125336.61,2.65457068
2017-03-18,115767.02,113372.56,114342.61,21.43998665
2017-03-17,125037.71,126570.11,116480.79,15.80429132
2017-03-16,130820.3,130542.74,128224.07,30.96625061
2017-03-15,133027.71,132985.92,137847.39,10.38812274
2017-03-14,131322.61,133001.48,135135.14,13.6374
2017-03-13,134424.54,134695.31,132978.72,8.84
2017-03-12,127422.44,127149.0,129032.26,10.0641
2017-03-11,126858.62,126606.1,117508.81,13.4971
2017-03-10,125645.86,126919.88,133928.57,7.8473
2017-03-08,129711.0,128122.04,127059.16,8.4945
2017-03-07,131322.32,131451.81,140845.07,5.4292
2017-03-06,130949.82,131270.06,134770.89,3.5241
2017-03-05,132188.66,131595.57,136612.02,7.0175
2017-03-04,132184.25,132668.74,138248.85,8.4973
2017-03-03,128337.68,129904.28,134048.26,11.496
2017-03-02,126025.08,127628.37,128534.7,11.8407
2017-03-01,123418.86,122988.03,128205.13,12.5943
2017-02-28,124934.96,125161.6,128588.52,6.881
2017-02-27,123690.76,123650.22,129366.11,5.8224
2017-02-26,121333.81,119855.16,117855.16,16.3234
2017-02-25,123105.98,121936.61,117169.14,10.4486
2017-02-24,118821.01,118713.27,119675.6,6.6212
2017-02-23,116820.28,116152.7,123609.39,9.9662
2017-02-22,114886.66,115474.78,121951.22,13.0151
2017-02-21,112890.32,113999.92,108871.3,8.3738
2017-02-20,114051.65,114010.13,115207.37,3.7312
2017-02-19,112133.68,112295.78,111196.84,10.0752
2017-02-18,109039.58,109320.45,109106.19,9.9949
2017-02-17,107840.61,108204.91,108571.43,11.147
2017-02-16,106547.7,106670.08,104123.22,8.5956
2017-02-15,108037.53,108487.78,105538.01,8.9305
2017-02-14,106534.88,108836.11,111482.72,6.0572
2017-02-13,107931.0,108478.45,101631.76,1.6802
2017-02-12,107951.67,106630.77,111111.11,6.0616
2017-02-11,101264.89,101362.3,110514.68,6.8205
2017-02-10,107052.62,103818.11,100267.01,8.0134
2017-02-09,108160.31,108055.26,114961.73,8.9015
2017-02-08,108849.78,108561.17,103144.19,9.9158
2017-02-06,106879.53,107954.01,107907.6,8.1923
2017-02-05,106105.08,106896.4,110136.45,8.2266
2017-02-04,107059.44,107944.39,108853.41,11.3105
2017-02-03,103961.44,104287.01,107181.14,12.2929
2017-02-02,101362.34,101028.53,101101.2,12.3893
2017-02-01,98880.14,99141.04,93756.08,11.9305
2017-01-31,97905.27,97618.66,99108.03,6.3724
2017-01-30,97975.68,98306.09,98039.22,5.7418
2017-01-29,97127.31,96763.58,99206.35,4.4688
2017-01-28,98083.94,97978.47,99009.9,5.8764
2017-01-27,96732.01,98242.78,99502.49,8.7546
2017-01-26,96200.71,95922.91,93008.84,10.3469
2017-01-25,94092.66,93683.82,97641.51,17.5188
2017-01-24,98864.16,97383.27,100430.42,12.4393
2017-01-23,97082.67,96506.05,98522.17,9.3643
2017-01-22,95819.37,95356.48,98814.23,6.7811
2017-01-21,94030.45,93680.53,93420.77,5.7369
2017-01-20,93379.74,94032.44,96899.22,7.218
2017-01-19,93726.45,93487.32,93283.58,5.6904
2017-01-18,94437.11,95087.52,97684.89,7.9218
2017-01-17,88021.78,88055.3,86851.63,15.0502
2017-01-16,88459.76,89523.82,91902.31,12.5612
2017-01-15,90850.45,90500.15,94339.62,7.2576
2017-01-14,87530.83,89097.27,86595.6,10.8488
2017-01-13,83017.68,84445.01,80840.74,14.6686
2017-01-12,91241.56,86820.0,85543.2,24.4323
2017-01-11,95309.33,94452.25,97560.98,5.8913
2017-01-10,93701.69,92738.95,98280.1,18.6677
2017-01-09,94323.64,93600.5,91395.62,6.6429
2017-01-08,89495.03,93079.13,89165.93,9.8211
2017-01-07,98662.0,94766.81,99667.77,14.4396
2017-01-06,110851.54,108261.45,106837.61,20.045
2017-01-05,111287.6,112296.39,112913.82,11.6194
2017-01-04,104677.14,103335.48,101518.4,14.4442
2017-01-03,103651.35,103617.67,106382.98,10.1289
2017-01-02,100588.24,101043.21,108225.11,5.4357
2017-01-01,98476.15,98563.3,102702.86,17.4189
2016-12-31,98499.3,99013.03,102040.82,5.3171
2016-12-30,102120.59,103277.57,103092.78,11.3852
2016-12-29,100119.23,99539.48,103734.44,11.592
2016-12-28,97216.15,97411.72,101214.57,8.1251
2016-12-27,95814.54,95740.18,99206.35,4.9019
2016-12-26,94300.76,94078.03,92142.61,5.2419
2016-12-25,97755.12,96057.58,100334.45,8.5332
2016-12-24,96065.45,95712.2,95461.65,14.1548
2016-12-23,90752.77,93386.1,93808.63,10.8942
2016-12-22,86302.41,86484.16,90252.71,16.6557
2016-12-21,84481.94,84105.18,87019.58,3.6872
2016-12-20,84221.79,84525.94,83003.03,5.7412
2016-12-19,85482.9,85386.85,86206.9,4.6058
2016-12-18,83596.62,85522.36,80762.42,13.2611
2016-12-17,80678.81,82401.0,85714.29,15.8399
2016-12-16,82604.46,82607.67,81681.42,8.4969
2016-12-15,83306.02,82879.8,80116.02,8.6077
2016-12-14,84348.7,84224.12,83446.45,18.3832
2016-12-13,83900.61,83914.99,85034.01,4.5579
2016-12-12,82678.95,82815.72,83892.62,6.6577
2016-12-11,83384.66,83359.71,81932.37,9.959
2016-12-10,76418.1,83718.38,84101.04,83.382
2016-12-09,77355.35,77015.27,80445.55,96.9664
2016-12-08,77582.19,78711.66,84795.32,55.0851
2016-12-07,79229.66,80594.66,82901.55,65.7581
2016-12-06,78840.7,78805.58,79000.04,100.3183
2016-12-05,79941.29,79642.48,79000.04,14.2411
2016-12-04,81801.8,81656.84,83543.98,13.8309
2016-12-03,82096.81,81705.23,81981.36,19.9862
2016-12-02,82032.43,82663.09,86505.19,7.4166
2016-12-01,80638.78,80251.92,81743.87,16.8075
2016-11-30,79509.7,79356.15,78563.41,18.4581
2016-11-29,79835.57,80389.81,77919.08,17.0804
2016-11-28,79742.43,80561.14,80034.24,8.8849
2016-11-27,79912.2,79662.71,77272.73,21.0574
2016-11-26,78494.11,78347.07,78090.24,23.4502
2016-11-25,78528.3,78295.81,77577.97,16.5834
2016-11-24,78618.2,78972.35,77559.74,8.5144
2016-11-23,78052.92,78492.63,78109.6,9.5352
2016-11-22,77991.27,78029.16,80017.46,13.6029
2016-11-21,76674.38,76145.72,71792.04,14.0934
2016-11-20,79372.33,79299.21,79787.23,10.0078
2016-11-19,78834.28,78715.91,77728.61,12.5737
2016-11-18,78647.11,79723.88,77041.6,18.3372
2016-11-17,77052.14,76783.22,82000.82,17.2299
2016-11-16,76953.1,77389.91,80645.16,14.0895
2016-11-15,74776.59,74775.92,75187.97,7.2471
2016-11-14,73432.98,73700.97,72868.69,12.7688
2016-11-13,73907.51,73887.74,76923.08,5.8593
2016-11-12,75200.45,75598.94,73548.4,11.2049
2016-11-11,75844.99,75291.27,72606.29,7.0756
2016-11-10,75948.87,76148.67,74815.22,15.0304
2016-11-09,73082.06,73045.5,75376.88,21.468
2016-11-08,72621.28,74428.09,73174.3,24.5623
2016-11-06,75761.96,75516.04,76292.2,5.0977
2016-11-05,75490.67,75502.5,77439.34,3.9097
2016-11-04,73331.73,73351.48,72081.56,13.9776
2016-11-03,76045.23,75075.8,77339.52,35.8016
2016-11-02,76019.1,76714.34,76142.13,23.8604
2016-11-01,73316.15,72765.22,80971.66,42.0219
2016-10-31,74707.51,74671.57,72497.75,16.9149
2016-10-30,75359.33,75633.12,76508.93,3.0173
2016-10-29,76317.66,76276.2,74649.0,5.5985
2016-10-28,72347.53,72007.68,73281.55,9.7652
2016-10-27,70441.94,70299.37,70482.56,26.8447
2016-10-26,69489.97,69308.19,75757.58,20.109
2016-10-25,68546.89,69001.1,69669.48,7.9185
2016-10-24,67070.12,67109.84,67020.9,17.2773
2016-10-23,66111.65,66111.94,71530.76,40.2247
2016-10-22,66391.53,66527.8,67250.64,9.0113
2016-10-21,66209.7,66033.16,64681.82,5.663
2016-10-20,65785.57,66143.55,66596.88,7.1321
2016-10-19,65943.84,66560.5,66269.05,19.9415
2016-10-18,65111.96,65054.62,63420.55,15.4646
2016-10-17,67590.5,67286.53,67567.57,2.4752
2016-10-16,67286.17,67849.15,62200.96,33.2102
2016-10-15,66796.24,66277.41,65500.75,17.7009
2016-10-14,67063.6,67172.37,66658.36,15.4646
2016-10-13,67159.3,66706.78,65659.88,18.6311
2016-10-12,66081.15,65793.77,65498.8,3.9507
2016-10-11,67519.95,67608.59,67215.59,5.1301
2016-10-10,63960.22,63366.63,65919.58,24.8175
2016-10-09,64207.03,64162.17,63718.62,35.2995
2016-10-08,64251.41,64407.78,63400.0,23.9806
2016-10-07,65864.05,66040.13,59883.72,15.9496
2016-10-06,65644.9,65893.49,63875.6,11.694
2016-10-05,63579.67,64847.2,66242.71,19.1939
2016-10-04,66475.49,66475.87,63241.11,16.8855
2016-10-03,64080.19,64739.89,66666.67,13.1816
2016-10-02,63298.85,62863.41,62870.9,11.432
2016-10-01,66020.35,65620.0,59838.93,5.1588
2016-09-30,64943.12,64729.78,62703.37,5.3173
2016-09-29,63235.63,62797.58,62025.01,18.6368
2016-09-28,63289.53,63255.73,61823.85,9.747
2016-09-27,63572.04,63235.63,63979.53,5.746
2016-09-26,61002.36,60879.44,62428.09,20.1437
2016-09-25,62919.86,63149.9,63484.44,3.7261
2016-09-24,61632.75,62017.9,60756.0,8.6316
2016-09-23,61493.29,60382.34,64102.56,4.682
2016-09-22,61168.17,60914.6,62853.55,8.9507
2016-09-21,60015.89,58802.07,62531.27,11.5366
2016-09-20,61309.54,61417.1,63291.14,6.8036
2016-09-19,61670.14,61725.35,63291.14,25.7109
2016-09-18,61442.57,61453.2,63986.56,24.054
2016-09-17,62496.57,64004.94,63801.33,8.6649
2016-09-16,62099.21,63411.7,63938.62,7.3708
2016-09-15,63670.64,63610.34,59808.61,1.6128
2016-09-14,61287.58,61492.7,63613.1,11.2721
2016-09-13,62517.71,61629.36,64730.75,7.2737
2016-09-12,62407.98,62256.43,64325.1,7.489
2016-09-11,62627.51,61701.59,63957.86,17.3963
2016-09-10,65093.22,65506.51,63220.17,4.2092
2016-09-09,65529.56,64627.31,62946.77,10.9483
2016-09-08,64834.05,64520.42,66264.66,9.8466
2016-09-07,63851.89,64465.93,63131.31,10.8075
2016-09-06,58485.3,62718.2,62339.84,59.1439
2016-09-05,63358.04,62273.05,60650.17,14.1025
2016-09-04,62427.79,62956.84,61923.78,27.5712
2016-09-03,62419.4,62780.27,63341.25,2.631
2016-09-02,62308.36,62324.41,62639.82,10.6632
2016-09-01,60450.31,59433.32,62893.08,5.8198
2016-08-31,60493.0,60324.03,59360.93,9.4938
2016-08-30,63174.04,63181.15,62885.3,11.5842
2016-08-29,61894.13,61578.34,63953.49,5.6345
2016-08-28,59743.57,59618.53,59508.52,10.4315
2016-08-27,61964.12,61708.91,62656.64,1.8627
2016-08-26,60967.24,60597.19,60180.54,7.3732
2016-08-25,62708.07,62948.05,59244.15,3.7848
2016-08-24,61833.2,61248.06,63995.43,20.4311
2016-08-23,63604.72,63616.32,61685.75,11.532
2016-08-22,62488.07,62323.22,64432.99,4.2849
2016-08-21,63874.98,63940.67,64841.5,1.8452
2016-08-20,62532.32,62993.58,63004.02,6.136
2016-08-19,62295.08,62690.72,61112.43,8.0236
2016-08-18,62352.12,61824.45,66181.34,14.0612
2016-08-17,62540.2,62218.41,60851.93,6.4076
2016-08-16,60028.04,59962.69,64724.92,22.5506
2016-08-15,61665.01,61781.83,63979.53,13.0438
2016-08-14,62474.13,62428.65,58343.8,16.1975
2016-08-13,61761.89,61188.78,61043.96,10.2094
2016-08-12,64525.91,64479.09,65573.77,12.3297
2016-08-11,62245.84,61787.14,65963.06,14.8099
2016-08-10,63672.1,63289.02,59651.35,8.4039
2016-08-09,64967.64,65114.67,64327.49,5.949
2016-08-08,65175.11,65451.57,66085.12,7.5284
2016-08-07,63366.3,64586.76,64516.13,2.4513
2016-08-06,61754.86,63342.09,63400.0,4.5191
2016-08-05,61873.21,62815.26,64516.13,5.2283
2016-08-04,61879.83,61696.2,63411.54,15.2135
2016-08-03,60095.72,62483.08,60695.67,18.4466
2016-08-02,61791.78,61520.6,60013.2,23.0294
2016-08-01,67606.15,66927.43,69735.01,11.8221
2016-07-31,69248.15,70095.92,72124.05,6.401
2016-07-30,72210.99,72936.47,75478.03,5.6782
2016-07-29,71767.23,71851.01,72944.87,11.289
2016-07-28,70361.78,71276.68,71551.23,10.1976
2016-07-27,69255.11,70108.01,68948.05,12.1918
2016-07-26,67565.15,69820.72,71428.57,5.8969
2016-07-25,67744.75,68096.32,71428.57,20.3079
2016-07-24,69712.79,69659.71,71916.58,2.2214
2016-07-23,69641.77,69851.51,66786.16,8.4012
2016-07-22,69324.25,68383.71,74812.97,9.1036
2016-07-21,70105.59,71491.63,70519.45,3.5313
2016-07-20,68823.9,68770.23,70621.47,4.2207
2016-07-19,71937.67,71730.08,71761.75,7.2518
2016-07-18,71639.08,71618.04,72083.88,5.1643
2016-07-17,69229.47,69785.67,74404.76,5.6713
2016-07-16,70814.08,71012.05,72463.77,6.0065
2016-07-15,69587.46,71021.17,73170.73,3.0882
2016-07-14,66832.24,69076.61,65943.9,3.6868
2016-07-13,68565.69,71255.93,71633.24,24.774
2016-07-12,67778.37,67474.76,67667.24,20.4109
2016-07-11,68403.61,70062.82,71839.08,3.9338
2016-07-10,68883.14,69876.14,71942.45,4.6834
2016-07-09,68878.88,69690.69,72077.27,14.8533
2016-07-08,70470.98,70425.72,72564.89,1.6995
2016-07-07,69492.22,67775.67,69022.19,4.5272
2016-07-06,71664.54,69848.1,69930.07,4.4648
2016-07-05,73392.91,73022.54,74074.07,2.8566
2016-07-04,73034.21,73173.1,70469.8,5.6705
2016-07-03,72067.41,72277.69,72833.21,8.1116
2016-07-02,73253.7,73724.11,73539.84,7.293
2016-07-01,73269.11,73235.0,71309.31,6.0529
2016-06-30,71150.66,71026.64,74760.77,5.654
2016-06-29,69876.12,69759.5,69199.51,6.6259
2016-06-28,71884.1,71634.61,70430.49,6.6216
2016-06-27,71756.24,72043.05,69972.75,2.7827
2016-06-26,69030.21,68371.38,71225.07,7.2111
2016-06-25,72448.03,73208.08,71944.7,12.4931
2016-06-24,72725.19,73383.04,74962.52,9.5933
2016-06-23,64382.97,65591.81,65573.71,12.9381
2016-06-22,74060.52,74852.66,70796.46,4.2156
2016-06-21,75528.58,75166.22,72895.77,9.7265
2016-06-20,84615.25,84568.17,84566.6,5.9787
2016-06-19,83478.41,83461.09,84613.38,6.4856
2016-06-18,81248.1,82624.65,80805.76,4.6878
2016-06-17,81656.93,81628.48,78561.54,7.8361
2016-06-16,74560.44,74330.39,87412.59,39.7508
2016-06-15,72883.44,71402.74,70588.24,3.1286
2016-06-14,75209.28,75716.79,76569.68,17.069
2016-06-13,75790.87,76147.53,75642.97,19.1384
2016-06-12,69093.56,69275.35,73304.06,16.0147
2016-06-11,63338.02,63131.77,61019.51,17.5159
2016-06-10,61682.34,61692.74,62011.66,9.6328
2016-06-09,59967.57,59931.28,62150.4,50.5573
2016-06-08,61139.8,61019.18,59619.83,14.8578
2016-06-07,60985.21,60993.45,59467.32,19.6281
2016-06-06,62118.65,62928.3,62500.0,3.7406
2016-06-05,59051.73,59084.42,60123.25,11.6361
2016-06-04,57293.82,57359.28,57963.18,16.4744
2016-06-03,56218.18,56607.78,56296.82,11.9587
2016-06-02,53782.47,53700.08,54752.52,12.444
2016-06-01,54398.11,55034.88,51746.44,11.1018
2016-05-31,53800.31,54201.52,52707.45,9.2585
2016-05-30,53033.55,52768.27,54469.2,16.3911
2016-05-29,51005.49,52473.21,52279.38,10.986
2016-05-28,50477.03,50519.92,53719.27,9.047
2016-05-27,48956.82,48926.74,49476.12,12.1369
2016-05-26,47134.97,47135.38,46952.21,6.7357
2016-05-25,46433.09,46341.21,47153.52,8.5834
2016-05-24,45953.72,46018.21,46807.09,15.6138
2016-05-23,44898.54,44772.41,44448.66,1.4114
2016-05-22,46250.31,44768.03,46591.22,3.7593
2016-05-21,44871.04,44708.92,46061.29,4.9722
2016-05-20,44463.61,44321.93,46290.42,4.1947
2016-05-19,44791.24,44441.92,43600.8,12.7196
2016-05-18,46205.78,46088.82,46977.03,10.2188
2016-05-17,46324.59,46162.42,47687.17,15.0198
2016-05-16,46722.14,46812.06,47045.54,15.2518
2016-05-15,46281.84,46607.11,49164.21,2.5799
2016-05-14,46771.34,46608.09,47530.78,6.2203
2016-05-13,45963.46,46254.71,45488.21,6.4239
2016-05-12,45660.13,45682.12,47047.76,2.3939
2016-05-11,47071.59,47116.61,47133.51,18.2447
2016-05-10,46786.77,46775.18,46569.39,10.4303
2016-05-09,46130.49,45925.34,47745.48,5.0699
2016-05-08,46919.7,46936.99,46281.47,7.8921
2016-05-07,47238.43,47305.83,47831.33,9.4557
2016-05-06,46491.73,46846.06,46829.53,16.1914
2016-05-05,46999.61,46986.46,47542.64,7.6099
2016-05-04,47515.22,47376.06,50165.15,8.4672
2016-05-03,47312.06,47936.4,47654.88,15.5345
2016-05-02,46176.46,46131.07,45855.6,9.7348
2016-05-01,47383.5,47343.41,46878.97,1.5689
2016-04-30,49155.46,48384.58,48575.13,8.5324
2016-04-29,47397.31,48380.31,49542.68,12.2809
2016-04-28,48614.64,48696.54,49212.6,11.358
2016-04-27,48516.99,48367.33,49800.8,5.787
2016-04-26,48951.27,50441.63,51020.41,2.9427
2016-04-25,49293.74,49337.51,49995.54,16.9926
2016-04-24,48433.03,48204.93,47938.64,5.1271
2016-04-23,47237.37,47237.37,47321.32,4.7308
2016-04-22,46360.29,46283.08,48076.92,5.002
2016-04-21,46280.71,46301.12,48894.27,5.0769
2016-04-20,46101.12,46759.5,47951.18,5.768
2016-04-19,45401.54,45597.72,46930.18,9.1906
2016-04-18,44364.08,44687.57,46382.19,18.224
2016-04-14,45296.98,45296.98,45672.53,3.2741
2016-04-13,45238.49,45031.16,45641.26,7.1657
2016-04-12,44892.7,44615.5,44526.1,4.5038
2016-04-11,45295.8749775,45410.7696173,45353.59,6.54
2016-04-10,44447.6487086,44378.7147324,45454.55,2.72
2016-04-09,44127.1115456,43959.3990108,45625.0,4.27
2016-04-07,45730.1215613,45726.1337737,45517.32,8.58
2016-04-06,44452.9935666,43524.5962977,45719.04,6.55
2016-04-05,44869.5774041,45088.0715841,45579.32,3.07
2016-04-03,44125.7057992,44588.024977,45892.61,1.01
2016-04-02,43882.9492961,43368.8992794,45703.84,1.81
2016-04-01,44230.4335343,42795.7380796,44596.0,4.87
2016-03-31,44331.7796204,43907.6406547,45372.05,3.73
2016-03-30,42176.193379,42044.992693,41004.18,6.52
2016-03-29,43063.0690546,43289.7504224,42561.35,13.07
2016-03-28,45976.8702568,45915.9363054,45267.49,3.69
2016-03-27,43321.6756175,43321.6015435,43166.27,2.34
2016-03-26,43702.7650809,43707.403318,44667.78,12.37
2016-03-25,44647.2323029,44647.2323029,45833.33,1.24
2016-03-24,43763.827772,44126.1773067,45330.92,24.48
2016-03-23,44908.6404459,44888.2101173,43803.68,5.5
2016-03-22,45584.0659388,45583.2108399,45473.15,3.83
2016-03-21,43806.1260787,43609.7279133,44213.63,12.75
2016-03-20,45478.7785981,45479.0994758,44642.86,4.21
2016-03-19,44776.0617813,44769.5757407,42783.92,1.88
2016-03-18,44620.6412409,43378.5312405,45248.87,6.57
2016-03-17,45705.4501429,45945.3252829,46425.26,3.51
2016-03-16,44785.862774,44687.0044213,43657.08,9.46
2016-03-15,45109.3324848,45074.7024942,45537.34,4.53
2016-03-14,45520.2314717,45563.6840505,45558.09,2.51
2016-03-13,44806.984208,45374.6057899,45129.56,2.19
2016-03-12,44535.4775512,44970.5460294,42859.12,7.6
2016-03-11,46064.0758775,46099.3477341,45913.68,9.28
2016-03-10,45004.6467467,44916.3590163,45795.6,2.27
2016-03-09,44847.8928744,44869.3022874,44668.42,11.69
2016-03-08,44860.242131,44897.7836163,44690.62,12.44
2016-03-07,43922.9889808,43880.5110268,44731.25,11.67
2016-03-06,44028.8702294,44447.7879162,44853.11,5.37
2016-03-05,43532.2969297,43405.636277,41461.38,10.37
2016-03-04,45771.0679681,45772.3126126,45578.85,8.76
2016-03-03,45539.4340785,45710.0365751,45787.55,11.34
2016-03-02,46829.3099033,46804.6939054,46939.54,8.71
2016-03-01,47004.5169214,46890.1053615,44785.57,14.43
2016-02-29,47299.5568276,47203.3477691,48159.11,7.08
2016-02-28,47015.6992439,47250.3102816,48030.74,3.0
2016-02-27,46753.0138762,46989.6059355,45497.78,3.44
2016-02-26,45622.3998175,45543.2189967,46650.49,4.81
2016-02-25,44866.0762116,43700.7406731,43687.71,4.58
2016-02-24,45218.5270992,45799.631092,44247.79,10.3
2016-02-23,45738.9452001,46271.8254953,45475.22,8.72
2016-02-21,47106.7452105,47702.0588509,48780.49,5.04
2016-02-20,45734.2528165,46053.1221968,44931.29,8.83
2016-02-19,44246.0694595,45232.5665026,46040.52,12.49
2016-02-18,44364.7522086,44169.4104228,46666.67,7.04
2016-02-17,44746.251194,45048.9981252,45871.56,7.73
2016-02-15,43293.0898055,41779.5392312,44642.86,8.52
2016-02-14,41528.3919185,43633.4793098,43591.98,7.21
2016-02-13,40028.3140556,40666.5382409,40100.95,0.87
2016-02-12,40128.6940111,40792.7500613,39342.9,5.32
2016-02-11,41432.7610363,41811.5153321,41356.49,3.1
2016-02-09,40068.6078364,40046.1382239,40338.85,3.5
2016-02-08,40903.6435952,41089.8361969,40518.64,12.16
2016-02-07,40004.2185076,40126.4060993,37684.82,19.73
2016-02-06,39810.4717571,40228.354217,41000.41,1.65
2016-02-05,40997.6654184,41174.2862121,41254.13,5.76
2016-02-04,40220.9914605,40010.1821165,40405.42,3.48
2016-02-03,38773.0690806,38724.1013636,38582.75,20.11
2016-02-02,39834.5794275,39723.6341053,41516.53,4.55
2016-01-31,39866.0769443,40999.1996538,41186.16,5.46
2016-01-30,40695.2611129,40554.6621992,40765.32,2.67
2016-01-29,41371.5920966,41350.4092902,37858.63,4.43
2016-01-28,41264.1430567,41106.1164322,40799.21,14.73
2016-01-27,43771.7029854,43992.4780541,44843.05,5.75
2016-01-26,41965.7594587,41966.6586249,42992.26,24.6
2016-01-25,41770.6860247,41786.3186325,43084.88,18.35
2016-01-24,41514.3696162,41134.0307109,40911.68,5.27
2016-01-23,42214.139107,42114.3491757,39651.9,2.62
2016-01-22,41029.1346884,41157.5834991,40322.58,9.85
2016-01-21,42627.8408638,42487.529647,44247.79,5.72
2016-01-20,39786.1016166,39246.5056736,45614.04,4.28
2016-01-19,40835.973177,40633.3789839,41631.97,3.11
2016-01-18,40532.5926964,40661.7176946,41111.86,5.15
2016-01-17,41621.8152795,41621.8152795,44642.86,1.39
2016-01-16,36850.1538842,38000.243421,34961.15,6.99
2016-01-15,41021.5422947,40352.6168608,39661.62,4.9
2016-01-14,44579.0002213,44676.4222511,47393.36,4.88
2016-01-13,46251.1506341,46364.6693708,47125.35,1.93
2016-01-12,46653.6028781,46626.7200166,47816.39,4.8
2016-01-11,45692.3923001,47582.8314008,47751.94,5.13
2016-01-10,46919.4493434,46909.1892009,47154.47,4.2
2016-01-09,45518.95151,45996.4256339,45833.33,13.68
2016-01-08,46413.3697293,47606.9161894,45855.1,5.41
2016-01-07,46710.0029399,46708.3250939,47619.05,4.82
2016-01-06,42870.1962319,42775.9606441,46926.33,2.3
2016-01-05,44067.5785304,44058.3854881,44503.78,10.48
2016-01-04,43600.504352,43269.3985072,43131.5,4.51
2016-01-02,42697.5112367,43481.8595846,43611.46,2.42
2015-12-30,42399.0184897,46608.6070834,46099.29,8.35
2015-12-29,43856.7397783,44090.9766165,43621.07,4.1
2015-12-28,45300.4134298,45038.9537774,45133.64,3.92
2015-12-27,42191.5131944,42444.9378004,42694.96,3.69
2015-12-26,43505.9429094,42393.62,42393.62,1.72
2015-12-24,45786.5044029,45572.3451403,49710.02,1.92
2015-12-23,45652.9493921,45143.7815896,46948.36,9.81
2015-12-21,45921.219574,45720.550353,44023.18,5.63
2015-12-17,46933.4820522,46919.2034445,46837.63,5.08
2015-12-16,48102.7002664,48755.45,48755.45,2.47
2015-12-15,48029.1940106,48029.1940106,48113.1,1.0
2015-12-14,45527.4608358,45527.4608358,47821.47,14.4
2015-12-12,42653.0811576,44471.8918036,44014.08,6.01
2015-12-09,41597.5673815,41336.1486368,40983.61,15.45
2015-12-06,40479.14,40479.14,40479.14,1.21
2015-12-05,37850.0962222,37836.929428,37817.82,17.15
2015-12-04,37937.7757213,37937.7757213,39525.69,2.45
2015-12-03,36609.7220565,36549.72,36549.72,8.56
2015-12-02,35961.3776577,35961.3776577,38066.24,3.18
2015-12-01,36962.5783586,36895.229473,37129.69,14.79
2015-11-30,38337.981505,38157.7489949,40053.4,17.49
2015-11-29,37471.8598601,37471.8598601,40816.33,0.73
2015-11-28,36815.2287849,36644.0596822,38338.66,6.91
2015-11-27,36118.604148,36208.1802639,40584.42,9.66
2015-11-26,35260.7280481,35130.6183387,35205.76,9.42
2015-11-25,32175.3083405,34551.3381923,35872.0,7.53
2015-11-24,32310.4672671,30881.5006586,31368.82,3.32
2015-11-23,32721.2217754,32622.8092251,34995.75,9.3
2015-11-22,33795.3909372,33520.1423839,34594.1,1.85
2015-11-20,32038.9513037,31867.4746606,34930.14,1.95
2015-11-19,33089.0014884,32880.5467266,32256.27,9.36
2015-11-18,33669.6800834,33669.6800834,32977.13,6.93
2015-11-17,33590.46222,33258.1907541,33335.03,14.59
2015-11-16,35404.6033935,34762.4608111,36363.64,2.99
2015-11-15,32272.7029828,32198.9982492,31755.03,3.79
2015-11-14,33838.3142716,33520.3980352,36777.38,8.61
2015-11-13,34071.6977228,34404.1494044,32669.66,6.66
2015-11-11,31739.400981,34219.53,34219.53,2.39
2015-11-06,35622.9782509,36281.6500637,37494.02,2.38
2015-11-05,37114.0861741,39353.5351631,38537.93,8.66
2015-11-02,32287.8085235,32615.5645413,32454.47,20.05
2015-11-01,32154.8732801,32092.0396524,31961.65,3.03
2015-10-31,30708.2852195,30537.1604225,29899.45,9.02
2015-10-28,28230.2732526,28216.6255696,28184.73,8.76
2015-10-27,28753.0915355,28739.4561971,28989.29,10.37
2015-10-26,27223.0281863,27158.9940923,27042.56,7.11
2015-10-25,28313.0285008,28163.8653642,28835.22,4.57
2015-10-24,27069.4818489,27069.4818489,27965.51,3.53
2015-10-23,26489.7095681,26489.7095681,26130.81,9.31
2015-10-22,26753.925522,26753.925522,26425.42,7.98
2015-10-20,26474.5554945,26461.0182089,26477.92,4.67
2015-10-19,26780.0704867,26359.5578179,28050.49,6.38
2015-10-18,26672.8132509,26379.1017486,26301.81,8.95
2015-10-17,26540.8791957,26540.8791957,26476.39,4.2
2015-10-15,27043.2691647,27442.37,27442.37,0.67
2015-10-13,24643.7745713,24939.7196577,24853.49,13.97
2015-10-12,25627.7867264,25566.2119276,25956.87,7.65
2015-10-11,24608.7500826,25634.45,25634.45,2.88
2015-10-10,24383.4464028,24383.4464028,24393.14,3.41
2015-10-09,24951.3347797,24919.5389679,25866.53,4.19
2015-10-08,24459.0667472,24627.9530241,26007.8,10.11
2015-10-07,26952.6976777,27322.4064575,26978.42,0.91
2015-10-06,24516.4620897,24909.6466447,25996.53,5.46
2015-10-05,24421.2868457,24522.0143006,23880.4,7.4
2015-10-04,25983.6668196,25678.65,25678.65,0.67
2015-10-03,24121.9499805,24256.1274731,25575.45,2.56
2015-10-01,24719.9489255,24719.9489255,25523.23,5.57
2015-09-29,23827.9250979,23735.2515272,23430.18,1.55
2015-09-27,25540.7173494,26172.8674337,26493.06,21.57
2015-09-26,23269.1207196,23692.1184015,25486.0,4.84
2015-09-25,22852.6009212,24770.87,24770.87,3.93
2015-09-24,22382.0715023,22382.0715023,22408.76,1.47
2015-09-21,25893.853646,25881.7390845,25808.67,2.96
2015-09-20,23794.740838,23745.2739644,26205.45,0.97
2015-09-19,23559.2428987,23436.8127127,24740.23,3.96
2015-09-17,23832.9173064,23883.8670089,24044.44,7.03
2015-09-16,23325.0779409,23544.7984025,23872.05,5.3
2015-09-15,24505.8318208,23950.5171682,24621.45,0.74
2015-09-14,23197.7057192,23197.7057192,23006.19,4.38
2015-09-12,23874.8158804,23966.5236278,22873.9,7.75
2015-09-11,24554.6244001,24554.6244001,27397.26,6.78
2015-09-10,27219.0874734,27219.0874734,26778.39,3.95
2015-09-09,25991.1676288,25991.1676288,27176.17,13.27
2015-09-08,26560.8153082,26835.35,26835.35,0.78
2015-09-07,25375.2294173,25375.2294173,25092.85,6.22
2015-09-06,23807.5712856,23807.5712856,26795.28,1.22
2015-09-05,25466.89,25466.89,25466.89,0.12
2015-09-03,23958.9805208,23750.3251126,22128.79,5.53
2015-09-02,22573.7112958,22631.4041612,24606.3,6.61
2015-08-31,23780.5394721,23691.5785378,22264.95,2.37
2015-08-30,24410.3773314,0.0,22157.19,0.85
2015-08-29,22405.4405593,22405.4405593,25364.37,14.96
2015-08-28,23201.0871388,24352.0527961,24244.99,6.37
2015-08-27,23044.0896307,23892.2466909,23826.54,4.84
2015-08-26,22512.5593682,22541.920712,22535.21,8.0
2015-08-25,21562.9890405,21536.4327901,21557.28,5.43
2015-08-24,22369.545178,22369.545178,22427.98,4.34
2015-08-22,23506.7798282,23871.6251724,21611.04,1.19
2015-08-21,24916.9404319,25252.53,25252.53,0.24
2015-08-20,25365.0868578,24445.2134397,25445.29,3.04
2015-08-19,23285.1965433,24646.7439703,23469.39,0.89
2015-08-17,27244.5988556,26877.9793525,26928.5,1.27
2015-08-16,27481.890017,27609.22,27609.22,0.23
2015-08-15,28184.89,28184.89,28184.89,0.35
2015-08-14,27212.3566825,26683.6314233,28192.37,1.48
2015-08-13,27822.0793771,27888.4463712,27932.96,1.13
2015-08-12,28240.3179638,28238.090585,28368.79,6.59
2015-08-11,28204.08,28204.08,28204.08,0.08
2015-08-09,26412.7313043,26409.5273907,26455.03,7.11
2015-08-08,27806.0246791,27394.9276119,26910.66,2.58
2015-08-07,27573.04,27573.04,27573.04,1.5
2015-08-06,26718.3715174,26718.3715174,29411.76,6.34
2015-08-05,27675.8424505,27675.8424505,27964.21,2.82
2015-08-04,28661.0878661,28661.0878661,30384.62,0.19
2015-08-03,29440.6281354,0.0,29438.41,0.41
2015-08-02,29880.6,29880.6,30000.0,0.03
2015-08-01,30024.564955,30143.18,30143.18,1.1
2015-07-31,27747.7370905,28064.1444616,28126.87,2.52
2015-07-30,28569.6170942,28569.6170942,27974.64,1.58
2015-07-29,30369.5207867,30369.5207867,30362.41,2.43
2015-07-28,30603.7352326,30537.4230303,27025.31,0.97
2015-07-26,29978.59,0.0,29978.59,0.05
2015-07-24,29473.68,29473.68,29473.68,0.05
2015-07-23,29033.7804608,29038.5001176,29168.69,0.77
2015-07-22,28905.2891513,0.0,28915.66,0.41
2015-07-21,26445.1447655,25546.41,25546.41,0.61
2015-07-20,25565.12,25565.12,25565.12,0.37
2015-07-19,27703.5698453,27703.5698453,25279.35,3.12
2015-07-17,25242.33,25242.33,25242.33,0.5
2015-07-15,31237.2669415,31237.2669415,31201.25,0.74
2015-07-14,26842.07,26842.07,26842.07,1.7
2015-07-12,29218.84,29218.84,29218.84,3.17
2015-07-09,25830.0251788,24607.78,24607.78,3.39
2015-07-07,25387.17,0.0,25387.17,16.89
2015-07-06,26266.71,26266.71,26266.71,3.81
2015-07-02,24499.67,0.0,24499.67,8.37
2015-06-30,28228.6528793,28169.01,28169.01,0.14
2015-06-29,23179.86,23179.86,23179.86,0.46
2015-06-26,23410.43,23410.43,23410.43,2.14
2015-06-25,22142.57,22142.57,22142.57,0.92
2015-06-24,25941.0,25941.0,25941.0,0.2
2015-06-23,26109.66,26109.66,26109.66,0.38
2015-06-21,22244.89,22244.89,22244.89,0.22
2015-06-20,23487.41,23487.41,23487.41,2.13
2015-06-19,23939.1,23939.1,23939.1,2.53
2015-06-17,27202.07,27202.07,27202.07,0.08
2015-06-16,23007.1,23007.1,23007.1,0.1
2015-06-11,21986.51,21986.51,21986.51,0.14
2015-06-09,24613.22,24613.22,24613.22,0.85
2015-06-06,21622.83,21622.83,21622.83,0.9
2015-06-05,21351.06,0.0,21351.06,0.19
2015-06-02,21362.45,0.0,21362.45,0.42
2015-06-01,21997.72,0.0,21997.72,0.61
2015-05-29,25194.21,0.0,25194.21,0.48
2015-05-28,23062.9391472,23124.47,23124.47,1.96
2015-05-26,23139.15,23139.15,23139.15,1.0
2015-05-18,22840.12,22840.12,22840.12,0.2
2015-05-08,22906.23,22906.23,22906.23,0.28
2015-04-30,24910.05,24910.05,24910.05,0.36
2015-04-12,26281.21,26281.21,26281.21,0.38
2015-03-13,30570.25,0.0,30570.25,0.17
2015-03-12,31323.41,31323.41,31323.41,0.13
2015-03-11,31675.64,0.0,31675.64,0.32
2015-03-08,29411.76,29411.76,29411.76,0.1
2015-03-05,29197.08,0.0,29197.08,0.41
2015-02-28,26602.18,26602.18,26602.18,0.41
2015-02-23,24368.63,24368.63,24368.63,0.45
2015-02-10,23056.87,23056.87,23056.87,0.3
2014-07-21,71216.65,71216.65,71216.65,0.14
2014-07-08,71379.01,71379.01,71379.01,0.14
2014-05-31,64000.0,,64000.0,1.0
2014-05-27,60000.0,60000.0,60000.0,1.0
2014-05-25,45000.0,45000.0,45000.0,0.5
2014-05-22,52000.0,52000.0,52000.0,0.31
